<keymap version="1" name="Samuel keymap" parent="Default for GNOME">
  <action id="ManageRecentProjects">
    <keyboard-shortcut first-keystroke="altGraph p" />
  </action>
  <action id="ToggleDistractionFreeMode">
    <keyboard-shortcut first-keystroke="alt d" />
  </action>
  <action id="ToggleFullScreen">
    <keyboard-shortcut first-keystroke="alt f" />
  </action>
  <action id="TogglePresentationMode">
    <keyboard-shortcut first-keystroke="alt p" />
  </action>
  <action id="ToggleZenMode">
    <keyboard-shortcut first-keystroke="alt z" />
  </action>
  <action id="one.util.ideaplugin.screenshoter.SaveImageAction">
    <keyboard-shortcut first-keystroke="ctrl altGraph a" />
  </action>
</keymap>