<application>
  <component name="FileTypeManager" version="18">
    <extensionMap>
      <mapping pattern=".env.*" type="Env File" />
      <mapping ext="env" type="Env File" />
      <removed_mapping ext="bash" approved="true" type="Shell Script" />
      <removed_mapping ext="env" approved="true" type=".env file" />
      <removed_mapping ext="ignore" approved="true" type="IgnoreLang file" />
      <removed_mapping ext="pdf" approved="true" type="Native" />
      <removed_mapping ext="sh" approved="true" type="Shell Script" />
      <removed_mapping ext="zsh" approved="true" type="Shell Script" />
      <removed_mapping pattern=".env" approved="true" type="Env File" />
      <removed_mapping pattern=".env.*" approved="true" type=".env file" />
      <removed_mapping pattern=".springBeans" approved="true" type="Eclipse" />
      <removed_mapping pattern="spring.handlers" approved="true" type="Properties" />
      <removed_mapping pattern="spring.schemas" approved="true" type="Properties" />
    </extensionMap>
  </component>
</application>