<application>
  <component name="GetterTemplates" defaultTemplateName="Samuel template">
    <option name="templates">
      <list>
        <TemplateResource>
          <option name="fileName" value="Samuel template" />
          <option name="template" value="#if($field.modifierStatic)&#10;static ##&#10;#end&#10;$field.type ##&#10;#if($field.recordComponent)&#10;  ${field.name}##&#10;#else&#10;#set($name = $StringUtil.capitalizeWithJavaBeanConvention($StringUtil.sanitizeJavaIdentifier($helper.getPropertyName($field, $project))))&#10;#if ($field.boolean &amp;&amp; $field.primitive)&#10;  is##&#10;#else&#10;  get##&#10;#end&#10;${name}##&#10;#end&#10;() {&#10;  return this.$field.name;&#10;}" />
        </TemplateResource>
      </list>
    </option>
  </component>
</application>