<keymap version="1" name="Samuel Keymap" parent="Default for GNOME">
  <action id="ActivateEventLogToolWindow">
    <keyboard-shortcut first-keystroke="alt quote" />
  </action>
  <action id="CreateVueSingleFileComp">
    <keyboard-shortcut first-keystroke="alt numpad1" />
  </action>
  <action id="ExternalSystem.RunTask">
    <keyboard-shortcut first-keystroke="ctrl alt r" />
  </action>
  <action id="ManageRecentProjects">
    <keyboard-shortcut first-keystroke="altGraph p" />
  </action>
  <action id="MoveTabRight">
    <keyboard-shortcut first-keystroke="alt #10000d1" />
  </action>
  <action id="NewJavaScriptFile">
    <keyboard-shortcut first-keystroke="alt numpad2" />
  </action>
  <action id="ToggleDistractionFreeMode">
    <keyboard-shortcut first-keystroke="alt d" />
  </action>
  <action id="ToggleFullScreen">
    <keyboard-shortcut first-keystroke="alt f" />
  </action>
  <action id="TogglePresentationMode">
    <keyboard-shortcut first-keystroke="alt p" />
  </action>
  <action id="ToggleZenMode">
    <keyboard-shortcut first-keystroke="alt z" />
  </action>
</keymap>