<application>
  <component name="FileTypeManager" version="18">
    <extensionMap>
      <mapping ext=".tabnine.model" type="Tabnine project model file" />
      <mapping ext=".tabnine" type="Tabnine project model file" />
      <mapping ext=".model" type="Tabnine project model file" />
      <mapping ext="tabnine" type="Tabnine project model file" />
      <mapping ext="model" type="Tabnine project model file" />
      <removed_mapping ext="bash" approved="true" type="Shell Script" />
      <removed_mapping ext="pdf" approved="true" type="Native" />
      <removed_mapping ext="sh" approved="true" type="Shell Script" />
      <removed_mapping ext="zsh" approved="true" type="Shell Script" />
    </extensionMap>
  </component>
</application>