<application>
  <component name="ProjectManager">
    <defaultProject>
      <component name="DiscordProjectSettings">
        <option name="show" value="ASK" />
        <option name="description" value="" />
      </component>
      <component name="ProjectRootManager" version="2" languageLevel="JDK_11" project-jdk-name="Java 11" project-jdk-type="JavaSDK" />
      <component name="ProjectViewState">
        <option name="flattenModules" value="true" />
        <option name="showLibraryContents" value="true" />
        <option name="showVisibilityIcons" value="true" />
        <option name="sortByType" value="true" />
      </component>
      <component name="PropertiesComponent">
        <property name="last_opened_file_path" value="$USER_HOME$/IdeaProjects/IntelliJ/myProjects/microcraft" />
      </component>
      <component name="masterDetails">
        <states>
          <state key="ProjectJDKs.UI">
            <settings>
              <last-edited>Java 11</last-edited>
              <splitter-proportions>
                <option name="proportions">
                  <list>
                    <option value="0.2" />
                  </list>
                </option>
              </splitter-proportions>
            </settings>
          </state>
        </states>
      </component>
    </defaultProject>
  </component>
</application>